<?xml version="1.0" encoding="UTF-8"?>

<!DOCTYPE mapper
	 PUBLIC "-//mybatis.org//DTD Mapper 3.0//EN" "http://mybatis.org/dtd/mybatis-3-mapper.dtd">

<!-- namespace="com.spring.mapper.MemberMapper는 MemberMapper인퍼페이스(MemberMapper.class)의 이름을 사용한다. -->
<mapper namespace="com.spring.mapper.BoardMapper">


	<!-- id는 Mapper.java(여기선 MemberMapper.java)에 동일하게 사용해야된다. -->
	
	<select id="getListCount" resultType="int">
		SELECT count (*) FROM smemberboard2
	</select>
	<!-- CDATA는 태그안에서는 전부 문자열로 치환 -->
	<!-- <나 (와 같은 기호를 괄호인지 아니면 비교연산자 인지 확인이 안되고 특수문자 사용하는데 제한됨	 -->
	
	
	<select id="getBoardList" parameterType="HashMap" resultType="BoardVO"> 
		<![CDATA[ 
		select num, id, subject, content, org_file, up_file, re_ref, re_lev,re_seq,readcount,boarddate		
		from(select rownum rnum, num, id, subject, content, org_file,up_file, re_ref, re_lev, re_seq,readcount,boarddate	
			from(select*from smemberboard2 order by re_ref desc,re_seq asc))
		Where rnum>=#{startrow} and rnum<=#{endrow} 
		]]>
	</select>
	
	
	<select id="getDetail" parameterType="int" resultType="BoardVO">
		SELECT * FROM smemberboard2 where num = #{num}
	</select>
	
	
	<!-- ver 1 -->
	<!-- 202012060254잠시 주석 처리  -->
	<!--
	<insert id="boardInsert" parameterType="BoardVO">-->
		<!--<selectKey>는 insert구문에만 사용가능  -->
	    <!-- order 값은 "BEFORE/AFTER" 대문자 사용할 것  -->
	    <!--keyProperty="num"에서 num은 값. 파라미터 이름이라고 보자  -->
	    <!--  
		<selectkey keyProperty="num" order="BEFORE" resultType="int">
			select nvl(max(num),0)+1 from smemberboard2
		</selectkey>
		insert into smemberboard2 values (#{num},#{id},#{subject},#{content},#{org_file},#{up_file},
		      #{num},#{re_lev},#{re_seq},#{readcount},sysdate) 	
	</insert>  
	-->
	
	<!-- 저기 num두번일까? 한번이지 않을까? ref자리에 글번호를 넣는다.-->
	
	<!-- ver 2 -->
	<!-- if test="num==''">에서 num==''는 num이 null인지 검사  -->
	
	<insert id="boardInsert" parameterType="BoardVO">
		<if test="num=='' ">
			insert into smemberboard2 values(1,#{id},#{subject},
			#{content},#{org_file},#{up_file},
			#{re_ref},#{re_lev},#{re_seq},#{readcount},sysdate)
		</if>
		<if test="num!=' ' ">
		 insert into smemberboard2 values(
		 (select max(num)+1 as num from smemberboard2)
		 #{id},,#{subject},#{content},#{org_file},#{up_file}
		 ,#{re_ref},#{re_lev},#{re_seq},#{readcount},sysdate)
		 </if>
		 </insert>
	
	
	<!-- ver3 -->
	<!-- 
	<insert id="boardInsert" parameterType="BoardVO">
		<selectKey keyPeoperty="num" order="BEFORE" resultType="int">
			<if test="num==''">select 1 from dual </if>
			<if test="num!=''">select mex(num)+1 from smemberboard2</if>
		</selectKey>
		insert into smemberboard2 values (#{num},#{id},#{subject},
		 	#{content},#{org_file},#{up_file},
		 	#{re_ref},#{re_lev},#{re_seq},#{readcount},sysdate)
		</insert>
	 -->
	 
	 <update id="boardRealyupdate" parameterType="BoardVO">
	   update smemberboard2 set re_seq=re_seq+1 
		where re_ref= #{re_ref} and re_seq > #{re_seq}
	 </update>
	
	<insert id="boardReply" parameterType="BoardVO">
	 <!--<selectKey> insert구문에서만 사용가능 하다.   -->
	 <!--  -->
	 <!--  -->
	 <selectKey keyProperty="num" order="BEFORE" resultType="int">
	 	select nvl(max(num),0)+1 from smemberboard2 
	 	</selectKey>
	 	insert into smemberboard2(num, id,subject,content, re_ref,
	 		re_lev,re_seq,readcount,boarddate)
	 		values (#{num},#{id},#{subject},#{content},#{re_ref},
	 		#{re_lev},#{re_seq},#{readcount},sysdate)
	 		</insert>
	 
	 <update id="boardModify" parameterType="BoardVO">
	 	update smemberboard2 set subject=#{subject},content=#{content}
	 	where num=#{num}
	 </update>
	 
     	<delete id="boardDelete" parameterType="int">
	 	delete from smemberboard2 where num=#{num} 
	 	 </delete>
	 	 
	  <update id="setReadCountUpdate" parameterType="int">
	 	update smemberboard2 set readcount=readcount+1 where num =#{num}
	 </update>	 
   	
	    <select id="isBoardWriter" parameterType="HashMap" resultType="int">
		SELECT count (*) FROM smemberboard2 where num = #{num} and id=#{id}
	</select> 
	

</mapper>