<?xml version="1.0" encoding="UTF-8"?>
<section name="Workbench">
	<section name="org.eclipse.ui.texteditor.FindReplaceDialog">
		<item key="selection" value="javax.servlet"/>
		<item key="wrap" value="true"/>
		<item key="casesensitive" value="false"/>
		<item key="wholeword" value="false"/>
		<item key="incremental" value="false"/>
		<item key="isRegEx" value="false"/>
		<list key="findhistory">
			<item value="javax.servlet"/>
			<item value="delete"/>
			<item value="getMemberlist"/>
			<item value="public void insertMember(MemberVO member);"/>
			<item value="/home.jsp"/>
		</list>
		<list key="replacehistory">
		</list>
	</section>
	<section name="org.eclipse.ui.texteditor.FindReplaceDialog_dialogBounds">
		<item key="DIALOG_X_ORIGIN" value="824"/>
		<item key="DIALOG_Y_ORIGIN" value="268"/>
		<item key="DIALOG_WIDTH" value="329"/>
		<item key="DIALOG_HEIGHT" value="436"/>
		<item key="DIALOG_FONT_NAME" value="1|맑은 고딕|9.0|0|WINDOWS|1|-30|0|0|0|400|0|0|0|1|0|0|0|0|맑은 고딕"/>
	</section>
</section>
