<?xml version="1.0" encoding="UTF-8" standalone="no"?>
<qualifiedTypeNameHistroy>
<fullyQualifiedTypeName name="org.springframework.validation.BindingResult"/>
<fullyQualifiedTypeName name="java.sql.DriverManager"/>
<fullyQualifiedTypeName name="java.sql.Statement"/>
<fullyQualifiedTypeName name="java.sql.SQLException"/>
<fullyQualifiedTypeName name="java.sql.Connection"/>
<fullyQualifiedTypeName name="java.sql.PreparedStatement"/>
<fullyQualifiedTypeName name="java.io.PrintWriter"/>
<fullyQualifiedTypeName name="javax.servlet.http.HttpSession"/>
<fullyQualifiedTypeName name="org.springframework.web.multipart.MultipartFile"/>
<fullyQualifiedTypeName name="javax.servlet.http.HttpServletRequest"/>
<fullyQualifiedTypeName name="java.io.IOException"/>
<fullyQualifiedTypeName name="org.springframework.web.multipart.MultipartHttpServletRequest"/>
<fullyQualifiedTypeName name="javax.servlet.http.HttpServletResponse"/>
<fullyQualifiedTypeName name="java.io.FileInputStream"/>
<fullyQualifiedTypeName name="javax.servlet.ServletOutputStream"/>
<fullyQualifiedTypeName name="java.awt.List"/>
<fullyQualifiedTypeName name="java.util.ArrayList"/>
<fullyQualifiedTypeName name="com.spring.mapper.MemberMapper"/>
<fullyQualifiedTypeName name="org.springframework.web.servlet.ModelAndView"/>
<fullyQualifiedTypeName name="org.springframework.ui.Model"/>
<fullyQualifiedTypeName name="com.spring.springmybatis.MemberVO"/>
<fullyQualifiedTypeName name="com.spring.mapper.PeopleMapper"/>
<fullyQualifiedTypeName name="org.springframework.stereotype.Service"/>
<fullyQualifiedTypeName name="org.springframework.stereotype.Controller"/>
<fullyQualifiedTypeName name="java.util.Map"/>
<fullyQualifiedTypeName name="org.springframework.web.bind.annotation.RequestParam"/>
<fullyQualifiedTypeName name="org.springframework.web.bind.annotation.ResponseBody"/>
<fullyQualifiedTypeName name="org.springframework.web.bind.annotation.RequestMapping"/>
<fullyQualifiedTypeName name="java.util.HashMap"/>
<fullyQualifiedTypeName name="org.springframework.web.bind.annotation.RequestMethod"/>
<fullyQualifiedTypeName name="java.util.List"/>
<fullyQualifiedTypeName name="com.spring.springajax.PeopleVO"/>
<fullyQualifiedTypeName name="org.springframework.beans.factory.annotation.Autowired"/>
<fullyQualifiedTypeName name="org.apache.ibatis.session.SqlSession"/>
</qualifiedTypeNameHistroy>
