<?xml version="1.0" encoding="UTF-8"?>

<!DOCTYPE mapper
	 PUBLIC "-//mybatis.org//DTD Mapper 3.0//EN" "http://mybatis.org/dtd/mybatis-3-mapper.dtd">

<!-- namespace="com.spring.mapper.MemberMapper는 MemberMapper인퍼페이스(MemberMapper.class)의 이름을 사용한다. -->


<mapper namespace="com.spring.mapper.MemberMapper">


	<!-- id는 Mapper.java(여기선 MemberMapper.java)에 동일하게 사용해야된다. -->
	
	<select id="getMemberlist" resultType="MemberVO">
		SELECT * FROM smember order by id
	</select>
	
	<insert id="insertMember" parameterType="MemberVO">
		INSERT INTO smember VALUES 
			 (#{id},#{password},#{name},#{age},#{gender},#{email})
	</insert>
	<!-- id를 이용해서 호출하기 때문에 순서는 상관이 없다. +파라미터 전달을 어떻게 할 지 고려  -->
	<select id="selectMember" parameterType="MemberVO" resultType="MemberVO">
		SELECT * FROM smember where id = #{id}
	</select>
	
	
	<select id="userCheck" parameterType="MemberVO" resultType="int">
		SELECT count(*) FROM smember where id = #{id} and password = #{password}
	</select>
	
	<delete id="deleteMember" parameterType="MemberVO">
		DELETE FROM smember where id = #{id}
	</delete>	


</mapper>