<?xml version="1.0" encoding="UTF-8"?>
<section name="Workbench">
	<section name="WorkbenchPreferenceDialogSettings">
		<item key="DIALOG_X_ORIGIN" value="387"/>
		<item key="DIALOG_Y_ORIGIN" value="11"/>
	</section>
	<section name="org.eclipse.ui.internal.QuickAccess">
		<item key="dialogHeight" value="-1"/>
		<item key="dialogWidth" value="-1"/>
		<list key="orderedElements">
		</list>
		<list key="orderedProviders">
		</list>
		<list key="textEntries">
		</list>
		<list key="textArray">
		</list>
	</section>
	<section name="NewWizardAction">
		<item key="NewWizardSelectionPage.STORE_SELECTED_ID" value="org.eclipse.wst.xml.ui.internal.wizards.NewXMLWizard"/>
		<list key="NewWizardSelectionPage.STORE_EXPANDED_CATEGORIES_ID">
			<item value="org.eclipse.wst.web.ui"/>
			<item value="org.eclipse.wst.XMLCategory"/>
		</list>
	</section>
	<section name="ImportExportAction">
	</section>
</section>
