<?xml version="1.0" encoding="UTF-8"?>
<workingSetManager>
<workingSet editPageId="org.eclipse.jdt.internal.ui.DynamicSourcesWorkingSet" factoryID="org.eclipse.ui.internal.WorkingSetFactory" id="1606111453868_0" label="Java Main Sources" name="Java Main Sources">
<item elementID="=SpringTest/src\/main\/java" factoryID="org.eclipse.jdt.ui.PersistableJavaElementFactory"/>
<item elementID="=SpringTest/src\/main\/resources" factoryID="org.eclipse.jdt.ui.PersistableJavaElementFactory"/>
<item elementID="=SpringTest/src\/test\/java" factoryID="org.eclipse.jdt.ui.PersistableJavaElementFactory"/>
<item elementID="=SpringTest/src\/test\/resources" factoryID="org.eclipse.jdt.ui.PersistableJavaElementFactory"/>
<item elementID="=SpringTest2/src\/main\/java" factoryID="org.eclipse.jdt.ui.PersistableJavaElementFactory"/>
<item elementID="=SpringTest2/src\/main\/resources" factoryID="org.eclipse.jdt.ui.PersistableJavaElementFactory"/>
<item elementID="=SpringTest2/src\/test\/java" factoryID="org.eclipse.jdt.ui.PersistableJavaElementFactory"/>
<item elementID="=SpringTest2/src\/test\/resources" factoryID="org.eclipse.jdt.ui.PersistableJavaElementFactory"/>
</workingSet>
<workingSet editPageId="org.eclipse.jdt.internal.ui.DynamicSourcesWorkingSet" factoryID="org.eclipse.ui.internal.WorkingSetFactory" id="1606111453874_1" label="Java Test Sources" name="Java Test Sources"/>
<workingSet aggregate="true" factoryID="org.eclipse.ui.internal.WorkingSetFactory" id="1606178853225_2" label="Window Working Set" name="Aggregate for window 1606178853225"/>
<workingSet aggregate="true" factoryID="org.eclipse.ui.internal.WorkingSetFactory" id="1606961044988_3" label="Window Working Set" name="Aggregate for window 1606961044988"/>
<workingSet aggregate="true" factoryID="org.eclipse.ui.internal.WorkingSetFactory" id="1606996081012_4" label="Window Working Set" name="Aggregate for window 1606996081012"/>
<workingSet aggregate="true" factoryID="org.eclipse.ui.internal.WorkingSetFactory" id="1607093505784_5" label="Window Working Set" name="Aggregate for window 1607093505784"/>
</workingSetManager>