<?xml version="1.0" encoding="UTF-8"?>
<beans:beans xmlns="http://www.springframework.org/schema/mvc"
	xmlns:xsi="http://www.w3.org/2001/XMLSchema-instance"
	xmlns:beans="http://www.springframework.org/schema/beans"
	xmlns:context="http://www.springframework.org/schema/context"
	xsi:schemaLocation="http://www.springframework.org/schema/mvc https://www.springframework.org/schema/mvc/spring-mvc.xsd
		http://www.springframework.org/schema/beans https://www.springframework.org/schema/beans/spring-beans.xsd
		http://www.springframework.org/schema/context https://www.springframework.org/schema/context/spring-context.xsd">

	<!-- DispatcherServlet Context: defines this servlet's request-processing infrastructure -->
	
	<!-- Enables the Spring MVC @Controller programming model -->
	<annotation-driven />

	<!-- Handles HTTP GET requests for /resources/** by efficiently serving up static resources in the ${webappRoot}/resources directory -->
	<resources mapping="/resources/**" location="/resources/" />

	<!-- Resolves views selected for rendering by @Controllers to .jsp resources in the /WEB-INF/views directory -->
	<beans:bean class="org.springframework.web.servlet.view.InternalResourceViewResolver">
		<beans:property name="prefix" value="/WEB-INF/views/" />
		<beans:property name="suffix" value=".jsp" />
	</beans:bean>
	
	
	<!-- 멀티파트(파일업로드) 관련 빈 설정 --> <!-- CommonsMultipartResolver사용해서~ 객체 만들어요 이름은 id="multipartResolver": 서버가 구동되면 자동 생성되는 Bean객체 : 파일업로드시 ~-->
	<!-- Multipart 지원 기능을 사용하려면 먼저 MultipartResolver를 스프링 설정 파일에 등록. -->
	<!-- ※ DispatcharServlet은 이름이 "multipartResolver"인 빈을 사용하기 때문에 다른 이름(아이디)을 지정할 경우 MultipartResolver로 사용되지 않음.: -->
	<beans:bean id="multipartResolver"
	class="org.springframework.web.multipart.commons.CommonsMultipartResolver">
	<beans:property name ="maxUploadSize" value="10000000"><!-- name ="maxUploadSize"value="10000000"-> 업로드 가능 사이즈 1천만 바이트 -->
	 </beans:property>
	 </beans:bean>
	
	
	
	<context:component-scan base-package="com.spring.mapper" />
	
	
	
</beans:beans>
